curator1	https://s3.amazonaws.com/sparrow-dup-plotcritic-bucket/sparrow_DUP/DUP_CM004550.1_3574123_3574319_15_27_2_16_12_13_10_31_31.png	Maybe	1600968012229	1600968036191	sparrow_DUP	CM004550.1
curator1	https://s3.amazonaws.com/sparrow-dup-plotcritic-bucket/sparrow_DUP/DUP_CM004531.1_48314729_48314887_8_1_18_26_23_23_25_21_21.png	Maybe	1600965084417	1600965087583	sparrow_DUP	CM004531.1
curator1	https://s3.amazonaws.com/sparrow-dup-plotcritic-bucket/sparrow_DUP/DUP_CM004530.1_6673146_6673765_1_9_2_20_23_14_10_13_13.png	Maybe	1600968168272	1600968185506	sparrow_DUP	CM004530.1
curator1	https://s3.amazonaws.com/sparrow-dup-plotcritic-bucket/sparrow_DUP/DUP_CM004552.1_1467557_1467693_14_17_2_8_5_24_4_4_9.png	Maybe	1600972797950	1600972816569	sparrow_DUP	CM004552.1
curator1	https://s3.amazonaws.com/sparrow-dup-plotcritic-bucket/sparrow_DUP/DUP_CM004536.1_1857804_1859473_14_8_20_29_26_6_28_11_15.png	Maybe	1600964834351	1600964838791	sparrow_DUP	CM004536.1
curator1	https://s3.amazonaws.com/sparrow-dup-plotcritic-bucket/sparrow_DUP/DUP_CM004529.1_71396662_71397012_1_12_2_25_3_13_22_9_9.png	Maybe	1600964868944	1600964874515	sparrow_DUP	CM004529.1
curator1	https://s3.amazonaws.com/sparrow-dup-plotcritic-bucket/sparrow_DUP/DUP_CM004534.1_34678862_34679239_11_11_21_14_24_12_10_23_29.png	Maybe	1600964830426	1600964833988	sparrow_DUP	CM004534.1
curator1	https://s3.amazonaws.com/sparrow-dup-plotcritic-bucket/sparrow_DUP/DUP_CM004537.1_4959656_4960191_14_25_14_20_7_16_18_29_29.png	Maybe	1600964963818	1600964969120	sparrow_DUP	CM004537.1
curator1	https://s3.amazonaws.com/sparrow-dup-plotcritic-bucket/sparrow_DUP/DUP_CM004550.1_2965860_2966106_8_5_11_21_30_24_25_29_28.png	Maybe	1600964764291	1600964777190	sparrow_DUP	CM004550.1
curator1	https://s3.amazonaws.com/sparrow-dup-plotcritic-bucket/sparrow_DUP/DUP_CM004548.1_2348671_2349166_29_3_20_7_25_27_9_6_14.png	Maybe	1600972943945	1600972959351	sparrow_DUP	CM004548.1
curator1	https://s3.amazonaws.com/sparrow-dup-plotcritic-bucket/sparrow_DUP/DUP_CM004548.1_2662969_2663801_4_18_10_24_24_2_5_17_16.png	Maybe	1600971016872	1600971030654	sparrow_DUP	CM004548.1
curator1	https://s3.amazonaws.com/sparrow-dup-plotcritic-bucket/sparrow_DUP/DUP_CM004549.1_6889016_6889297_22_26_10_4_4_4_20_1_30.png	Maybe	1600965695670	1600965718951	sparrow_DUP	CM004549.1
curator1	https://s3.amazonaws.com/sparrow-dup-plotcritic-bucket/sparrow_DUP/DUP_CM004553.1_3114555_3114959_21_21_18_17_5_17_29_0_28.png	Maybe	1600965025093	1600965045614	sparrow_DUP	CM004553.1
curator1	https://s3.amazonaws.com/sparrow-dup-plotcritic-bucket/sparrow_DUP/DUP_CM004531.1_70079053_70079689_24_8_15_5_32_12_1_14_0.png	Maybe	1600969392050	1600969416863	sparrow_DUP	CM004531.1
curator1	https://s3.amazonaws.com/sparrow-dup-plotcritic-bucket/sparrow_DUP/DUP_CM004529.1_5011736_5017680_15_19_3_4_10_22_30_1_1.png	Maybe	1600972110609	1600972118094	sparrow_DUP	CM004529.1
curator1	https://s3.amazonaws.com/sparrow-dup-plotcritic-bucket/sparrow_DUP/DUP_CM004525.1_628959_629159_31_20_1_5_7_26_22_32_19.png	Maybe	1600965000492	1600965004707	sparrow_DUP	CM004525.1
curator1	https://s3.amazonaws.com/sparrow-dup-plotcritic-bucket/sparrow_DUP/DUP_CM004535.1_13808703_13808987_4_31_9_22_8_3_21_27_26.png	Maybe	1600965569737	1600965586191	sparrow_DUP	CM004535.1
curator1	https://s3.amazonaws.com/sparrow-dup-plotcritic-bucket/sparrow_DUP/DUP_CM004532.1_45587079_45587350_10_31_12_1_9_1_18_18_15.png	Maybe	1600965122508	1600965130199	sparrow_DUP	CM004532.1
curator1	https://s3.amazonaws.com/sparrow-dup-plotcritic-bucket/sparrow_DUP/DUP_CM004531.1_70070394_70070977_17_10_10_24_29_23_32_9_22.png	Maybe	1600964889812	1600964897282	sparrow_DUP	CM004531.1
curator1	https://s3.amazonaws.com/sparrow-dup-plotcritic-bucket/sparrow_DUP/DUP_CM004534.1_34715716_34716142_24_9_8_21_2_0_5_6_7.png	Maybe	1600969552612	1600969558953	sparrow_DUP	CM004534.1
curator1	https://s3.amazonaws.com/sparrow-dup-plotcritic-bucket/sparrow_DUP/DUP_CM004528.1_103359534_103359639_13_31_4_24_3_14_27_16_16.png	Maybe	1600969787970	1600969967711	sparrow_DUP	CM004528.1
curator1	https://s3.amazonaws.com/sparrow-dup-plotcritic-bucket/sparrow_DUP/DUP_CM004546.1_1132541_1132683_0_1_21_14_13_9_16_18_20.png	Maybe	1600967830610	1600967841303	sparrow_DUP	CM004546.1
curator1	https://s3.amazonaws.com/sparrow-dup-plotcritic-bucket/sparrow_DUP/DUP_CM004544.1_11013906_11014244_29_24_9_17_5_8_21_1_13.png	Maybe	1600972821935	1600972834771	sparrow_DUP	CM004544.1
curator1	https://s3.amazonaws.com/sparrow-dup-plotcritic-bucket/sparrow_DUP/DUP_CM004527.1_37713435_37713777_25_12_17_23_26_27_8_24_24.png	Maybe	1600965045978	1600965050843	sparrow_DUP	CM004527.1
curator1	https://s3.amazonaws.com/sparrow-dup-plotcritic-bucket/sparrow_DUP/DUP_CM004531.1_69181808_69182157_16_15_22_10_18_26_13_12_1.png	Maybe	1600965135713	1600965142021	sparrow_DUP	CM004531.1
curator1	https://s3.amazonaws.com/sparrow-dup-plotcritic-bucket/sparrow_DUP/DUP_CM004529.1_1107099_1107591_1_6_5_0_29_0_11_26_11.png	Maybe	1600964817864	1600964826768	sparrow_DUP	CM004529.1
curator1	https://s3.amazonaws.com/sparrow-dup-plotcritic-bucket/sparrow_DUP/DUP_CM004543.1_796157_797335_16_5_24_1_25_15_29_29_9.png	Maybe	1600972922752	1600972926853	sparrow_DUP	CM004543.1
curator1	https://s3.amazonaws.com/sparrow-dup-plotcritic-bucket/sparrow_DUP/DUP_CM004528.1_69433969_69435090_2_11_16_17_19_4_0_26_25.png	Yes	1600972793666	1600972797579	sparrow_DUP	CM004528.1
curator1	https://s3.amazonaws.com/sparrow-dup-plotcritic-bucket/sparrow_DUP/DUP_CM004539.1_3325089_3325238_11_0_5_27_18_18_22_28_28.png	Yes	1600966862483	1600966867772	sparrow_DUP	CM004539.1
curator1	https://s3.amazonaws.com/sparrow-dup-plotcritic-bucket/sparrow_DUP/DUP_CM004542.1_1514597_1514712_32_0_17_29_11_10_6_6_14.png	Yes	1600972744016	1600972748748	sparrow_DUP	CM004542.1
curator1	https://s3.amazonaws.com/sparrow-dup-plotcritic-bucket/sparrow_DUP/DUP_CM004545.1_4504743_4504854_28_4_0_5_5_29_27_2_20.png	Yes	1600969532009	1600969537519	sparrow_DUP	CM004545.1
curator1	https://s3.amazonaws.com/sparrow-dup-plotcritic-bucket/sparrow_DUP/DUP_CM004535.1_22504965_22507404_28_19_6_27_27_27_23_5_15.png	Yes	1600970955574	1600970963516	sparrow_DUP	CM004535.1
curator1	https://s3.amazonaws.com/sparrow-dup-plotcritic-bucket/sparrow_DUP/DUP_CM004545.1_6283040_6283889_4_23_28_1_2_24_8_15_26.png	Yes	1600966873765	1600966881298	sparrow_DUP	CM004545.1
curator1	https://s3.amazonaws.com/sparrow-dup-plotcritic-bucket/sparrow_DUP/DUP_CM004528.1_104281524_104283544_12_32_29_21_19_22_1_6_1.png	Yes	1600973091612	1600973094635	sparrow_DUP	CM004528.1
curator1	https://s3.amazonaws.com/sparrow-dup-plotcritic-bucket/sparrow_DUP/DUP_CM004528.1_44104097_44105119_23_10_27_17_15_14_4_18_1.png	Yes	1600969083946	1600969089942	sparrow_DUP	CM004528.1
curator1	https://s3.amazonaws.com/sparrow-dup-plotcritic-bucket/sparrow_DUP/DUP_CM004530.1_44727939_44728100_29_8_7_4_15_31_18_18_2.png	Yes	1600974059756	1600974062578	sparrow_DUP	CM004530.1
curator1	https://s3.amazonaws.com/sparrow-dup-plotcritic-bucket/sparrow_DUP/DUP_CM004527.1_37947355_37947479_8_21_5_31_11_0_19_20_20.png	Yes	1600969420406	1600969424659	sparrow_DUP	CM004527.1
curator1	https://s3.amazonaws.com/sparrow-dup-plotcritic-bucket/sparrow_DUP/DUP_CM004537.1_19596342_19596838_0_22_17_5_31_12_19_7_11.png	Yes	1600968798350	1600968819933	sparrow_DUP	CM004537.1
curator1	https://s3.amazonaws.com/sparrow-dup-plotcritic-bucket/sparrow_DUP/DUP_CM004547.1_2460226_2460484_23_23_19_5_25_25_24_14_32.png	Yes	1600970254107	1600970273196	sparrow_DUP	CM004547.1
curator1	https://s3.amazonaws.com/sparrow-dup-plotcritic-bucket/sparrow_DUP/DUP_CM004541.1_1935170_1935550_22_1_6_16_14_29_12_20_17.png	Yes	1600970083133	1600970094678	sparrow_DUP	CM004541.1
curator1	https://s3.amazonaws.com/sparrow-dup-plotcritic-bucket/sparrow_DUP/DUP_CM004533.1_32951778_32951948_18_32_12_9_9_9_4_19_4.png	Yes	1600972036490	1600972041936	sparrow_DUP	CM004533.1
curator1	https://s3.amazonaws.com/sparrow-dup-plotcritic-bucket/sparrow_DUP/DUP_CM004528.1_63840012_63843801_23_16_0_30_8_8_29_9_27.png	Yes	1600972131338	1600972135440	sparrow_DUP	CM004528.1
curator1	https://s3.amazonaws.com/sparrow-dup-plotcritic-bucket/sparrow_DUP/DUP_CM004529.1_32459365_32459476_16_11_27_24_9_12_23_26_26.png	Yes	1600974099730	1600974102099	sparrow_DUP	CM004529.1
curator1	https://s3.amazonaws.com/sparrow-dup-plotcritic-bucket/sparrow_DUP/DUP_CM004534.1_3558595_3562192_13_0_24_2_31_6_27_27_7.png	Yes	1600972714112	1600972717408	sparrow_DUP	CM004534.1
curator1	https://s3.amazonaws.com/sparrow-dup-plotcritic-bucket/sparrow_DUP/DUP_CM004544.1_9400990_9408356_11_18_12_28_24_3_2_0_0.png	Yes	1600974301417	1600974304428	sparrow_DUP	CM004544.1
curator1	https://s3.amazonaws.com/sparrow-dup-plotcritic-bucket/sparrow_DUP/DUP_CM004532.1_20806923_20807744_9_28_25_12_18_8_16_3_15.png	Yes	1600973902818	1600973907396	sparrow_DUP	CM004532.1
curator1	https://s3.amazonaws.com/sparrow-dup-plotcritic-bucket/sparrow_DUP/DUP_CM004530.1_5433299_5433474_21_11_2_32_32_9_23_8_20.png	Yes	1600966669543	1600966675826	sparrow_DUP	CM004530.1
curator1	https://s3.amazonaws.com/sparrow-dup-plotcritic-bucket/sparrow_DUP/DUP_CM004531.1_37148215_37148347_32_5_32_28_3_19_26_26_2.png	Yes	1600968943576	1600968948694	sparrow_DUP	CM004531.1
curator1	https://s3.amazonaws.com/sparrow-dup-plotcritic-bucket/sparrow_DUP/DUP_CM004552.1_2336345_2336629_31_27_20_18_12_30_9_9_9.png	Yes	1600966022021	1600966037935	sparrow_DUP	CM004552.1
curator1	https://s3.amazonaws.com/sparrow-dup-plotcritic-bucket/sparrow_DUP/DUP_CM004541.1_11764204_11764329_9_21_30_15_31_18_20_17_14.png	Yes	1600970152171	1600970158151	sparrow_DUP	CM004541.1
curator1	https://s3.amazonaws.com/sparrow-dup-plotcritic-bucket/sparrow_DUP/DUP_CM004553.1_2222223_2222342_3_3_29_28_25_8_0_13_13.png	Yes	1600967746344	1600967755771	sparrow_DUP	CM004553.1
curator1	https://s3.amazonaws.com/sparrow-dup-plotcritic-bucket/sparrow_DUP/DUP_CM004545.1_2714079_2714187_30_9_3_26_31_15_28_28_17.png	Yes	1600967671304	1600967686911	sparrow_DUP	CM004545.1
curator1	https://s3.amazonaws.com/sparrow-dup-plotcritic-bucket/sparrow_DUP/DUP_CM004534.1_26841220_26846170_13_1_8_32_21_9_7_5_5.png	Yes	1600972221173	1600972223753	sparrow_DUP	CM004534.1
curator1	https://s3.amazonaws.com/sparrow-dup-plotcritic-bucket/sparrow_DUP/DUP_CM004530.1_107503445_107503856_10_18_10_21_29_29_14_8_32.png	Yes	1600974247347	1600974265121	sparrow_DUP	CM004530.1
curator1	https://s3.amazonaws.com/sparrow-dup-plotcritic-bucket/sparrow_DUP/DUP_CM004530.1_92725134_92725436_13_1_14_22_26_30_19_27_16.png	Yes	1600967860335	1600967867411	sparrow_DUP	CM004530.1
curator1	https://s3.amazonaws.com/sparrow-dup-plotcritic-bucket/sparrow_DUP/DUP_CM004530.1_56527625_56528616_23_32_1_16_29_25_26_9_12.png	Yes	1600968116413	1600968129702	sparrow_DUP	CM004530.1
curator1	https://s3.amazonaws.com/sparrow-dup-plotcritic-bucket/sparrow_DUP/DUP_CM004537.1_9291049_9291204_19_27_19_2_32_14_4_4_23.png	Yes	1600973962600	1600973964647	sparrow_DUP	CM004537.1
curator1	https://s3.amazonaws.com/sparrow-dup-plotcritic-bucket/sparrow_DUP/DUP_CM004532.1_1857042_1857339_29_9_25_30_32_30_17_1_8.png	Yes	1600967917036	1600967928757	sparrow_DUP	CM004532.1
curator1	https://s3.amazonaws.com/sparrow-dup-plotcritic-bucket/sparrow_DUP/DUP_CM004532.1_35158832_35160364_25_14_3_28_32_28_22_4_23.png	Yes	1600972339560	1600972343951	sparrow_DUP	CM004532.1
curator1	https://s3.amazonaws.com/sparrow-dup-plotcritic-bucket/sparrow_DUP/DUP_CM004525.1_16968425_16970951_12_29_25_4_6_6_24_19_22.png	Yes	1600968870349	1600968879777	sparrow_DUP	CM004525.1
curator1	https://s3.amazonaws.com/sparrow-dup-plotcritic-bucket/sparrow_DUP/DUP_CM004530.1_31571395_31572324_24_28_0_6_6_3_21_26_16.png	Yes	1600972850999	1600972855154	sparrow_DUP	CM004530.1
curator1	https://s3.amazonaws.com/sparrow-dup-plotcritic-bucket/sparrow_DUP/DUP_CM004530.1_24101113_24104270_26_5_6_28_2_20_12_12_18.png	Yes	1600971472856	1600971498318	sparrow_DUP	CM004530.1
curator1	https://s3.amazonaws.com/sparrow-dup-plotcritic-bucket/sparrow_DUP/DUP_CM004529.1_8475488_8478955_2_27_7_6_9_10_28_28_24.png	Yes	1600972068870	1600972079639	sparrow_DUP	CM004529.1
curator1	https://s3.amazonaws.com/sparrow-dup-plotcritic-bucket/sparrow_DUP/DUP_CM004528.1_78828042_78828851_23_9_10_6_22_22_26_27_26.png	Yes	1600969773621	1600969785026	sparrow_DUP	CM004528.1
curator1	https://s3.amazonaws.com/sparrow-dup-plotcritic-bucket/sparrow_DUP/DUP_CM004548.1_434020_434438_12_10_20_14_11_14_22_22_22.png	Yes	1600972336553	1600972339193	sparrow_DUP	CM004548.1
curator1	https://s3.amazonaws.com/sparrow-dup-plotcritic-bucket/sparrow_DUP/DUP_CM004527.1_38846694_38846801_7_7_2_21_0_30_26_32_15.png	Yes	1600972181921	1600972186287	sparrow_DUP	CM004527.1
curator1	https://s3.amazonaws.com/sparrow-dup-plotcritic-bucket/sparrow_DUP/DUP_CM004537.1_4767661_4767811_15_16_19_24_13_20_3_7_22.png	Yes	1600966695722	1600966701262	sparrow_DUP	CM004537.1
curator1	https://s3.amazonaws.com/sparrow-dup-plotcritic-bucket/sparrow_DUP/DUP_CM004530.1_59976023_59976341_15_19_27_22_24_28_13_4_4.png	Yes	1600971896181	1600971898558	sparrow_DUP	CM004530.1
curator1	https://s3.amazonaws.com/sparrow-dup-plotcritic-bucket/sparrow_DUP/DUP_CM004532.1_1093999_1094115_9_7_24_5_13_2_26_3_3.png	Yes	1600974091687	1600974096701	sparrow_DUP	CM004532.1
curator1	https://s3.amazonaws.com/sparrow-dup-plotcritic-bucket/sparrow_DUP/DUP_CM004527.1_21482453_21482663_25_22_18_8_8_16_14_31_31.png	Yes	1600972472962	1600972479132	sparrow_DUP	CM004527.1
curator1	https://s3.amazonaws.com/sparrow-dup-plotcritic-bucket/sparrow_DUP/DUP_CM004545.1_2244159_2245484_19_23_14_30_7_7_1_20_11.png	Yes	1600972624540	1600972627359	sparrow_DUP	CM004545.1
curator1	https://s3.amazonaws.com/sparrow-dup-plotcritic-bucket/sparrow_DUP/DUP_CM004530.1_60169306_60169655_16_16_25_19_6_23_5_27_5.png	Yes	1600968313827	1600968322675	sparrow_DUP	CM004530.1
curator1	https://s3.amazonaws.com/sparrow-dup-plotcritic-bucket/sparrow_DUP/DUP_CM004534.1_35609805_35609939_25_31_3_9_9_21_19_19_29.png	Yes	1600971796339	1600971798839	sparrow_DUP	CM004534.1
curator1	https://s3.amazonaws.com/sparrow-dup-plotcritic-bucket/sparrow_DUP/DUP_CM004543.1_809576_811690_0_22_0_26_1_14_29_28_28.png	Yes	1600971627939	1600971630864	sparrow_DUP	CM004543.1
curator1	https://s3.amazonaws.com/sparrow-dup-plotcritic-bucket/sparrow_DUP/DUP_CM004525.1_15072265_15072414_17_15_8_6_13_20_1_18_30.png	Yes	1600972312871	1600972315249	sparrow_DUP	CM004525.1
curator1	https://s3.amazonaws.com/sparrow-dup-plotcritic-bucket/sparrow_DUP/DUP_CM004545.1_2544442_2544562_10_17_0_19_16_19_20_1_31.png	Yes	1600969430943	1600969454532	sparrow_DUP	CM004545.1
curator1	https://s3.amazonaws.com/sparrow-dup-plotcritic-bucket/sparrow_DUP/DUP_CM004530.1_108390485_108392191_10_9_9_17_26_28_18_3_4.png	Yes	1600974365799	1600974368505	sparrow_DUP	CM004530.1
curator1	https://s3.amazonaws.com/sparrow-dup-plotcritic-bucket/sparrow_DUP/DUP_CM004531.1_15700492_15700628_5_27_27_15_13_13_11_32_17.png	Yes	1600966607897	1600966626099	sparrow_DUP	CM004531.1
curator1	https://s3.amazonaws.com/sparrow-dup-plotcritic-bucket/sparrow_DUP/DUP_CM004528.1_109468070_109468305_28_23_27_32_29_26_4_12_5.png	Yes	1600967337230	1600967341719	sparrow_DUP	CM004528.1
curator1	https://s3.amazonaws.com/sparrow-dup-plotcritic-bucket/sparrow_DUP/DUP_CM004544.1_6164045_6164140_21_20_30_14_14_14_10_17_10.png	Yes	1600965215877	1600965250499	sparrow_DUP	CM004544.1
curator1	https://s3.amazonaws.com/sparrow-dup-plotcritic-bucket/sparrow_DUP/DUP_CM004542.1_12692880_12693061_19_15_18_10_20_5_26_28_26.png	Yes	1600974018939	1600974020859	sparrow_DUP	CM004542.1
curator1	https://s3.amazonaws.com/sparrow-dup-plotcritic-bucket/sparrow_DUP/DUP_CM004531.1_48096970_48098555_27_0_6_2_14_14_21_22_3.png	Yes	1600971632206	1600971636603	sparrow_DUP	CM004531.1
curator1	https://s3.amazonaws.com/sparrow-dup-plotcritic-bucket/sparrow_DUP/DUP_CM004532.1_40826027_40827478_3_22_23_21_5_21_25_6_26.png	Yes	1600970193502	1600970203547	sparrow_DUP	CM004532.1
curator1	https://s3.amazonaws.com/sparrow-dup-plotcritic-bucket/sparrow_DUP/DUP_CM004531.1_68896691_68896829_30_17_11_6_6_6_21_24_24.png	Yes	1600970233988	1600970238112	sparrow_DUP	CM004531.1
curator1	https://s3.amazonaws.com/sparrow-dup-plotcritic-bucket/sparrow_DUP/DUP_CM004528.1_106910183_106911764_16_3_27_15_23_15_14_24_14.png	Yes	1600970999081	1600971016471	sparrow_DUP	CM004528.1
curator1	https://s3.amazonaws.com/sparrow-dup-plotcritic-bucket/sparrow_DUP/DUP_CM004540.1_1544849_1544993_18_22_0_26_19_24_2_11_7.png	Yes	1600972390823	1600972393356	sparrow_DUP	CM004540.1
curator1	https://s3.amazonaws.com/sparrow-dup-plotcritic-bucket/sparrow_DUP/DUP_CM004529.1_1045931_1046867_25_13_11_6_18_18_1_29_10.png	Yes	1600973013536	1600973020568	sparrow_DUP	CM004529.1
curator1	https://s3.amazonaws.com/sparrow-dup-plotcritic-bucket/sparrow_DUP/DUP_CM004532.1_27194334_27194446_3_11_2_18_21_13_4_19_4.png	Yes	1600971330971	1600971333519	sparrow_DUP	CM004532.1
curator1	https://s3.amazonaws.com/sparrow-dup-plotcritic-bucket/sparrow_DUP/DUP_CM004545.1_5302930_5303065_22_6_32_29_13_23_26_4_8.png	Yes	1600965671923	1600965695310	sparrow_DUP	CM004545.1
curator1	https://s3.amazonaws.com/sparrow-dup-plotcritic-bucket/sparrow_DUP/DUP_CM004530.1_2131906_2132013_2_29_11_9_0_14_27_1_5.png	Yes	1600969119976	1600969122341	sparrow_DUP	CM004530.1
curator1	https://s3.amazonaws.com/sparrow-dup-plotcritic-bucket/sparrow_DUP/DUP_CM004548.1_482487_482717_29_27_10_1_16_25_2_5_20.png	Yes	1600971546124	1600971562472	sparrow_DUP	CM004548.1
curator1	https://s3.amazonaws.com/sparrow-dup-plotcritic-bucket/sparrow_DUP/DUP_CM004527.1_26573_27793_30_23_10_32_22_22_19_11_5.png	Yes	1600968820294	1600968832325	sparrow_DUP	CM004527.1
curator1	https://s3.amazonaws.com/sparrow-dup-plotcritic-bucket/sparrow_DUP/DUP_CM004545.1_9823956_9827046_1_28_30_25_19_25_17_6_0.png	Yes	1600972004415	1600972029094	sparrow_DUP	CM004545.1
curator1	https://s3.amazonaws.com/sparrow-dup-plotcritic-bucket/sparrow_DUP/DUP_CM004525.1_2537129_2539744_13_8_22_25_26_19_0_23_16.png	Yes	1600968635209	1600968653324	sparrow_DUP	CM004525.1
curator1	https://s3.amazonaws.com/sparrow-dup-plotcritic-bucket/sparrow_DUP/DUP_CM004525.1_52038761_52038933_24_18_8_5_32_32_11_26_11.png	Yes	1600972374299	1600972377290	sparrow_DUP	CM004525.1
curator1	https://s3.amazonaws.com/sparrow-dup-plotcritic-bucket/sparrow_DUP/DUP_CM004528.1_29981350_29983300_18_1_24_3_10_10_14_14_19.png	Yes	1600972653904	1600972664298	sparrow_DUP	CM004528.1
curator1	https://s3.amazonaws.com/sparrow-dup-plotcritic-bucket/sparrow_DUP/DUP_CM004547.1_5394119_5394229_7_27_8_1_31_31_0_16_0.png	Yes	1600969308857	1600969331186	sparrow_DUP	CM004547.1
curator1	https://s3.amazonaws.com/sparrow-dup-plotcritic-bucket/sparrow_DUP/DUP_CM004527.1_29862130_29862284_4_24_28_2_22_30_16_16_16.png	Yes	1600973915437	1600973918013	sparrow_DUP	CM004527.1
curator1	https://s3.amazonaws.com/sparrow-dup-plotcritic-bucket/sparrow_DUP/DUP_CM004548.1_288014_288159_11_0_11_19_2_31_5_14_14.png	Yes	1600966805815	1600966816335	sparrow_DUP	CM004548.1
curator1	https://s3.amazonaws.com/sparrow-dup-plotcritic-bucket/sparrow_DUP/DUP_CM004529.1_50397400_50397515_3_31_29_26_21_26_17_17_17.png	Yes	1600973952294	1600973954571	sparrow_DUP	CM004529.1
curator1	https://s3.amazonaws.com/sparrow-dup-plotcritic-bucket/sparrow_DUP/DUP_CM004548.1_3656767_3656892_16_16_17_13_8_20_25_24_25.png	Yes	1600969049187	1600969052736	sparrow_DUP	CM004548.1
curator1	https://s3.amazonaws.com/sparrow-dup-plotcritic-bucket/sparrow_DUP/DUP_CM004546.1_13336219_13336373_13_11_13_23_24_7_6_25_16.png	Yes	1600966686980	1600966695354	sparrow_DUP	CM004546.1
curator1	https://s3.amazonaws.com/sparrow-dup-plotcritic-bucket/sparrow_DUP/DUP_CM004530.1_84112339_84115714_0_1_30_11_14_11_2_9_12.png	Yes	1600972123541	1600972130974	sparrow_DUP	CM004530.1
curator1	https://s3.amazonaws.com/sparrow-dup-plotcritic-bucket/sparrow_DUP/DUP_CM004542.1_9275429_9275967_1_31_26_21_0_0_5_20_5.png	Yes	1600970939059	1600970943451	sparrow_DUP	CM004542.1
curator1	https://s3.amazonaws.com/sparrow-dup-plotcritic-bucket/sparrow_DUP/DUP_CM004537.1_2892138_2892246_8_24_32_10_15_29_9_3_9.png	Yes	1600970017785	1600970019840	sparrow_DUP	CM004537.1
curator1	https://s3.amazonaws.com/sparrow-dup-plotcritic-bucket/sparrow_DUP/DUP_CM004532.1_35404564_35404697_10_10_11_3_14_28_0_0_0.png	Yes	1600974359852	1600974362455	sparrow_DUP	CM004532.1
curator1	https://s3.amazonaws.com/sparrow-dup-plotcritic-bucket/sparrow_DUP/DUP_CM004547.1_3363626_3365790_17_4_28_0_22_27_9_9_25.png	Yes	1600968415413	1600968431096	sparrow_DUP	CM004547.1
curator1	https://s3.amazonaws.com/sparrow-dup-plotcritic-bucket/sparrow_DUP/DUP_CM004535.1_9275109_9275579_10_15_31_21_21_17_5_3_12.png	Yes	1600973318094	1600973321831	sparrow_DUP	CM004535.1
curator1	https://s3.amazonaws.com/sparrow-dup-plotcritic-bucket/sparrow_DUP/DUP_CM004532.1_45705411_45706400_28_15_17_4_23_4_18_9_9.png	Yes	1600971657573	1600971665421	sparrow_DUP	CM004532.1
curator1	https://s3.amazonaws.com/sparrow-dup-plotcritic-bucket/sparrow_DUP/DUP_CM004534.1_5911886_5913870_4_7_20_3_13_3_5_25_25.png	Yes	1600966626471	1600966643493	sparrow_DUP	CM004534.1
curator1	https://s3.amazonaws.com/sparrow-dup-plotcritic-bucket/sparrow_DUP/DUP_CM004531.1_15840101_15840249_24_1_7_32_17_14_11_27_11.png	Yes	1600974102465	1600974104613	sparrow_DUP	CM004531.1
curator1	https://s3.amazonaws.com/sparrow-dup-plotcritic-bucket/sparrow_DUP/DUP_CM004529.1_15596851_15596966_6_6_8_14_3_9_25_2_21.png	Yes	1600973156570	1600973162025	sparrow_DUP	CM004529.1
curator1	https://s3.amazonaws.com/sparrow-dup-plotcritic-bucket/sparrow_DUP/DUP_CM004529.1_51548133_51550794_5_5_3_28_1_1_29_17_32.png	Yes	1600972890993	1600972893957	sparrow_DUP	CM004529.1
curator1	https://s3.amazonaws.com/sparrow-dup-plotcritic-bucket/sparrow_DUP/DUP_CM004529.1_128900852_128901917_23_12_16_32_19_28_4_7_15.png	Yes	1600974342066	1600974345185	sparrow_DUP	CM004529.1
curator1	https://s3.amazonaws.com/sparrow-dup-plotcritic-bucket/sparrow_DUP/DUP_CM004531.1_62509047_62509154_21_2_14_20_22_0_10_29_30.png	Yes	1600964939582	1600964948592	sparrow_DUP	CM004531.1
curator1	https://s3.amazonaws.com/sparrow-dup-plotcritic-bucket/sparrow_DUP/DUP_CM004530.1_6997266_6997394_20_16_10_11_2_2_21_31_3.png	Yes	1600965958995	1600965966457	sparrow_DUP	CM004530.1
curator1	https://s3.amazonaws.com/sparrow-dup-plotcritic-bucket/sparrow_DUP/DUP_CM004547.1_722677_722856_30_5_26_2_14_32_20_20_18.png	Yes	1600969542992	1600969548664	sparrow_DUP	CM004547.1
curator1	https://s3.amazonaws.com/sparrow-dup-plotcritic-bucket/sparrow_DUP/DUP_CM004534.1_34704167_34704558_17_30_8_28_28_11_4_4_10.png	Yes	1600968185871	1600968194426	sparrow_DUP	CM004534.1
curator1	https://s3.amazonaws.com/sparrow-dup-plotcritic-bucket/sparrow_DUP/DUP_CM004528.1_20094368_20097526_12_12_6_18_7_18_28_28_3.png	Yes	1600971928691	1600971932957	sparrow_DUP	CM004528.1
curator1	https://s3.amazonaws.com/sparrow-dup-plotcritic-bucket/sparrow_DUP/DUP_CM004529.1_46879661_46881805_12_31_27_30_21_21_9_4_5.png	Yes	1600971948102	1600971965444	sparrow_DUP	CM004529.1
curator1	https://s3.amazonaws.com/sparrow-dup-plotcritic-bucket/sparrow_DUP/DUP_CM004530.1_86552129_86552353_22_28_4_17_25_25_7_7_18.png	Yes	1600974512808	1600974518233	sparrow_DUP	CM004530.1
curator1	https://s3.amazonaws.com/sparrow-dup-plotcritic-bucket/sparrow_DUP/DUP_CM004529.1_28004024_28004219_27_25_25_20_18_3_17_5_5.png	Yes	1600974425975	1600974429318	sparrow_DUP	CM004529.1
curator1	https://s3.amazonaws.com/sparrow-dup-plotcritic-bucket/sparrow_DUP/DUP_CM004531.1_23271163_23272123_29_7_14_6_6_12_3_0_10.png	Yes	1600966915855	1600966932680	sparrow_DUP	CM004531.1
curator1	https://s3.amazonaws.com/sparrow-dup-plotcritic-bucket/sparrow_DUP/DUP_CM004548.1_1745376_1745761_32_3_13_14_18_4_31_1_31.png	Yes	1600968984692	1600968989337	sparrow_DUP	CM004548.1
curator1	https://s3.amazonaws.com/sparrow-dup-plotcritic-bucket/sparrow_DUP/DUP_CM004532.1_47080540_47082257_26_9_9_31_21_22_13_2_30.png	Yes	1600972330715	1600972333564	sparrow_DUP	CM004532.1
curator1	https://s3.amazonaws.com/sparrow-dup-plotcritic-bucket/sparrow_DUP/DUP_CM004532.1_30667541_30667648_27_19_16_5_28_10_24_25_24.png	Yes	1600970008272	1600970014481	sparrow_DUP	CM004532.1
curator1	https://s3.amazonaws.com/sparrow-dup-plotcritic-bucket/sparrow_DUP/DUP_CM004528.1_60969128_60974451_30_19_26_14_2_23_13_11_13.png	Yes	1600973764986	1600973828670	sparrow_DUP	CM004528.1
curator1	https://s3.amazonaws.com/sparrow-dup-plotcritic-bucket/sparrow_DUP/DUP_CM004531.1_31320866_31321019_18_21_26_4_3_24_19_16_30.png	Yes	1600971354568	1600971357217	sparrow_DUP	CM004531.1
curator1	https://s3.amazonaws.com/sparrow-dup-plotcritic-bucket/sparrow_DUP/DUP_CM004545.1_8707282_8709585_12_3_9_11_8_8_18_7_18.png	Yes	1600973529635	1600973539653	sparrow_DUP	CM004545.1
curator1	https://s3.amazonaws.com/sparrow-dup-plotcritic-bucket/sparrow_DUP/DUP_CM004531.1_60822789_60823166_8_9_5_4_4_13_11_20_11.png	Yes	1600972442289	1600972456833	sparrow_DUP	CM004531.1
curator1	https://s3.amazonaws.com/sparrow-dup-plotcritic-bucket/sparrow_DUP/DUP_CM004530.1_5462117_5463500_26_29_22_14_19_18_13_15_24.png	Yes	1600972287453	1600972291533	sparrow_DUP	CM004530.1
curator1	https://s3.amazonaws.com/sparrow-dup-plotcritic-bucket/sparrow_DUP/DUP_CM004529.1_128901708_128901916_21_21_29_4_32_4_22_19_7.png	Yes	1600974457851	1600974472124	sparrow_DUP	CM004529.1
curator1	https://s3.amazonaws.com/sparrow-dup-plotcritic-bucket/sparrow_DUP/DUP_CM004548.1_2619842_2620330_10_10_6_0_13_27_3_20_5.png	Yes	1600971501328	1600971507096	sparrow_DUP	CM004548.1
curator1	https://s3.amazonaws.com/sparrow-dup-plotcritic-bucket/sparrow_DUP/DUP_CM004529.1_43968571_43969724_18_4_26_25_15_13_7_6_10.png	Yes	1600973100040	1600973115731	sparrow_DUP	CM004529.1
curator1	https://s3.amazonaws.com/sparrow-dup-plotcritic-bucket/sparrow_DUP/DUP_CM004528.1_93108265_93111967_13_22_14_29_3_31_19_28_21.png	Yes	1600974185489	1600974188667	sparrow_DUP	CM004528.1
curator1	https://s3.amazonaws.com/sparrow-dup-plotcritic-bucket/sparrow_DUP/DUP_CM004533.1_31920516_31920633_13_2_12_27_27_26_3_5_19.png	Yes	1600974011671	1600974013472	sparrow_DUP	CM004533.1
curator1	https://s3.amazonaws.com/sparrow-dup-plotcritic-bucket/sparrow_DUP/DUP_CM004549.1_4641654_4641887_13_7_17_26_21_21_25_18_18.png	Yes	1600974348312	1600974350840	sparrow_DUP	CM004549.1
curator1	https://s3.amazonaws.com/sparrow-dup-plotcritic-bucket/sparrow_DUP/DUP_CM004537.1_3227583_3227871_5_2_31_21_17_0_26_23_7.png	Yes	1600968688471	1600968693168	sparrow_DUP	CM004537.1
curator1	https://s3.amazonaws.com/sparrow-dup-plotcritic-bucket/sparrow_DUP/DUP_CM004528.1_46659582_46659806_8_1_16_32_30_24_12_11_11.png	Yes	1600971373618	1600971375778	sparrow_DUP	CM004528.1
curator1	https://s3.amazonaws.com/sparrow-dup-plotcritic-bucket/sparrow_DUP/DUP_CM004530.1_43410221_43413253_14_28_27_25_3_0_32_1_1.png	Yes	1600971380983	1600971387447	sparrow_DUP	CM004530.1
curator1	https://s3.amazonaws.com/sparrow-dup-plotcritic-bucket/sparrow_DUP/DUP_CM004535.1_32436739_32441018_9_15_26_17_2_29_31_12_1.png	Yes	1600971360082	1600971373250	sparrow_DUP	CM004535.1
curator1	https://s3.amazonaws.com/sparrow-dup-plotcritic-bucket/sparrow_DUP/DUP_CM004530.1_80189864_80192006_28_11_1_8_14_24_22_21_15.png	Yes	1600966766865	1600966777056	sparrow_DUP	CM004530.1
curator1	https://s3.amazonaws.com/sparrow-dup-plotcritic-bucket/sparrow_DUP/DUP_CM004534.1_1917686_1917904_16_24_2_28_15_6_1_1_10.png	Yes	1600969189163	1600969196558	sparrow_DUP	CM004534.1
curator1	https://s3.amazonaws.com/sparrow-dup-plotcritic-bucket/sparrow_DUP/DUP_CM004552.1_2702289_2702475_9_30_1_25_16_16_23_8_4.png	Yes	1600972233816	1600972236753	sparrow_DUP	CM004552.1
curator1	https://s3.amazonaws.com/sparrow-dup-plotcritic-bucket/sparrow_DUP/DUP_CM004529.1_96996333_96996435_7_18_8_4_5_19_29_14_30.png	Yes	1600968583573	1600968596270	sparrow_DUP	CM004529.1
curator1	https://s3.amazonaws.com/sparrow-dup-plotcritic-bucket/sparrow_DUP/DUP_CM004529.1_125496376_125497880_14_10_4_31_31_21_18_3_13.png	Yes	1600973210078	1600973214645	sparrow_DUP	CM004529.1
curator1	https://s3.amazonaws.com/sparrow-dup-plotcritic-bucket/sparrow_DUP/DUP_CM004540.1_16183263_16183727_31_31_31_5_25_30_14_0_9.png	Yes	1600968666296	1600968681810	sparrow_DUP	CM004540.1
curator1	https://s3.amazonaws.com/sparrow-dup-plotcritic-bucket/sparrow_DUP/DUP_CM004529.1_96015512_96015684_26_6_26_22_13_9_32_32_29.png	Yes	1600965940568	1600965954352	sparrow_DUP	CM004529.1
curator1	https://s3.amazonaws.com/sparrow-dup-plotcritic-bucket/sparrow_DUP/DUP_CM004535.1_46347571_46347727_31_13_8_0_0_32_4_4_5.png	Yes	1600970407181	1600970415150	sparrow_DUP	CM004535.1
curator1	https://s3.amazonaws.com/sparrow-dup-plotcritic-bucket/sparrow_DUP/DUP_CM004529.1_3881985_3882194_30_3_32_18_18_18_8_8_4.png	Yes	1600973038238	1600973048460	sparrow_DUP	CM004529.1
curator1	https://s3.amazonaws.com/sparrow-dup-plotcritic-bucket/sparrow_DUP/DUP_CM004540.1_14950195_14951725_19_4_29_26_13_25_0_20_20.png	Yes	1600971871301	1600971885979	sparrow_DUP	CM004540.1
curator1	https://s3.amazonaws.com/sparrow-dup-plotcritic-bucket/sparrow_DUP/DUP_CM004541.1_8235786_8236797_0_27_1_12_12_22_32_32_32.png	Yes	1600967412940	1600967633938	sparrow_DUP	CM004541.1
curator1	https://s3.amazonaws.com/sparrow-dup-plotcritic-bucket/sparrow_DUP/DUP_CM004529.1_54958805_54958981_16_8_16_29_14_24_4_4_30.png	Yes	1600967998187	1600968009081	sparrow_DUP	CM004529.1
curator1	https://s3.amazonaws.com/sparrow-dup-plotcritic-bucket/sparrow_DUP/DUP_CM004525.1_1217735_1218005_2_11_7_29_9_9_32_10_0.png	Yes	1600969061394	1600969070303	sparrow_DUP	CM004525.1
curator1	https://s3.amazonaws.com/sparrow-dup-plotcritic-bucket/sparrow_DUP/DUP_CM004534.1_1224053_1235003_10_23_23_11_7_14_9_8_28.png	Yes	1600970893813	1600970899388	sparrow_DUP	CM004534.1
curator1	https://s3.amazonaws.com/sparrow-dup-plotcritic-bucket/sparrow_DUP/DUP_CM004553.1_2830984_2831303_14_16_11_29_5_29_12_4_13.png	Yes	1600973457952	1600973463784	sparrow_DUP	CM004553.1
curator1	https://s3.amazonaws.com/sparrow-dup-plotcritic-bucket/sparrow_DUP/DUP_CM004529.1_147762830_147763191_11_18_26_24_25_2_23_23_21.png	Yes	1600973312709	1600973317700	sparrow_DUP	CM004529.1
curator1	https://s3.amazonaws.com/sparrow-dup-plotcritic-bucket/sparrow_DUP/DUP_CM004530.1_46225722_46225915_21_13_28_9_2_16_12_12_18.png	Yes	1600972615314	1600972617971	sparrow_DUP	CM004530.1
curator1	https://s3.amazonaws.com/sparrow-dup-plotcritic-bucket/sparrow_DUP/DUP_CM004537.1_1987589_1987981_4_8_15_9_14_23_17_25_25.png	Yes	1600974362828	1600974365425	sparrow_DUP	CM004537.1
curator1	https://s3.amazonaws.com/sparrow-dup-plotcritic-bucket/sparrow_DUP/DUP_CM004528.1_61944853_61947249_8_3_29_10_16_10_2_2_25.png	Yes	1600974491514	1600974494538	sparrow_DUP	CM004528.1
curator1	https://s3.amazonaws.com/sparrow-dup-plotcritic-bucket/sparrow_DUP/DUP_CM004527.1_62072123_62072230_14_11_14_0_20_1_22_22_28.png	Yes	1600971395878	1600971398475	sparrow_DUP	CM004527.1
curator1	https://s3.amazonaws.com/sparrow-dup-plotcritic-bucket/sparrow_DUP/DUP_CM004532.1_54382910_54386783_21_17_4_12_7_7_2_26_29.png	Yes	1600971789929	1600971795965	sparrow_DUP	CM004532.1
curator1	https://s3.amazonaws.com/sparrow-dup-plotcritic-bucket/sparrow_DUP/DUP_CM004531.1_64130784_64133539_6_18_6_25_15_15_11_0_16.png	Yes	1600974220256	1600974238155	sparrow_DUP	CM004531.1
curator1	https://s3.amazonaws.com/sparrow-dup-plotcritic-bucket/sparrow_DUP/DUP_CM004529.1_53560668_53560847_0_6_13_15_4_5_17_3_3.png	Yes	1600971732754	1600971736163	sparrow_DUP	CM004529.1
curator1	https://s3.amazonaws.com/sparrow-dup-plotcritic-bucket/sparrow_DUP/DUP_CM004540.1_17780631_17780748_8_24_8_20_9_4_25_19_25.png	Yes	1600969672386	1600969692778	sparrow_DUP	CM004540.1
curator1	https://s3.amazonaws.com/sparrow-dup-plotcritic-bucket/sparrow_DUP/DUP_CM004530.1_5463514_5466413_4_18_30_24_32_13_3_19_3.png	Yes	1600974275635	1600974293524	sparrow_DUP	CM004530.1
curator1	https://s3.amazonaws.com/sparrow-dup-plotcritic-bucket/sparrow_DUP/DUP_CM004525.1_26909772_26912263_2_28_11_30_17_17_14_14_14.png	Yes	1600966725750	1600966742158	sparrow_DUP	CM004525.1
curator1	https://s3.amazonaws.com/sparrow-dup-plotcritic-bucket/sparrow_DUP/DUP_CM004549.1_5324264_5324662_24_8_9_13_11_3_14_23_20.png	Yes	1600971425538	1600971428067	sparrow_DUP	CM004549.1
curator1	https://s3.amazonaws.com/sparrow-dup-plotcritic-bucket/sparrow_DUP/DUP_CM004528.1_50147653_50147831_0_3_0_4_5_6_22_8_8.png	Yes	1600973494822	1600973500650	sparrow_DUP	CM004528.1
curator1	https://s3.amazonaws.com/sparrow-dup-plotcritic-bucket/sparrow_DUP/DUP_CM004546.1_8119985_9530772_1_1_27_23_23_10_28_11_30.png	Yes	1600973918385	1600973922966	sparrow_DUP	CM004546.1
curator1	https://s3.amazonaws.com/sparrow-dup-plotcritic-bucket/sparrow_DUP/DUP_CM004528.1_72427716_72427850_8_8_30_2_7_32_16_25_25.png	Yes	1600973968536	1600973973601	sparrow_DUP	CM004528.1
curator1	https://s3.amazonaws.com/sparrow-dup-plotcritic-bucket/sparrow_DUP/DUP_CM004552.1_3605616_3605719_24_20_9_7_11_11_6_12_12.png	Yes	1600972166726	1600972170535	sparrow_DUP	CM004552.1
curator1	https://s3.amazonaws.com/sparrow-dup-plotcritic-bucket/sparrow_DUP/DUP_CM004549.1_3874033_3881272_3_7_3_14_25_17_26_26_32.png	Yes	1600971715237	1600971724263	sparrow_DUP	CM004549.1
curator1	https://s3.amazonaws.com/sparrow-dup-plotcritic-bucket/sparrow_DUP/DUP_CM004530.1_70866854_70866959_16_21_21_4_28_27_19_14_10.png	Yes	1600972816941	1600972821563	sparrow_DUP	CM004530.1
curator1	https://s3.amazonaws.com/sparrow-dup-plotcritic-bucket/sparrow_DUP/DUP_CM004531.1_11561080_11563628_15_29_16_8_8_28_4_2_4.png	Yes	1600971343538	1600971351387	sparrow_DUP	CM004531.1
curator1	https://s3.amazonaws.com/sparrow-dup-plotcritic-bucket/sparrow_DUP/DUP_CM004547.1_3975769_3976123_26_11_17_8_10_15_25_31_4.png	Yes	1600971428437	1600971430310	sparrow_DUP	CM004547.1
curator1	https://s3.amazonaws.com/sparrow-dup-plotcritic-bucket/sparrow_DUP/DUP_CM004547.1_676568_677050_27_1_27_10_20_18_11_14_3.png	Yes	1600973926307	1600973930113	sparrow_DUP	CM004547.1
curator1	https://s3.amazonaws.com/sparrow-dup-plotcritic-bucket/sparrow_DUP/DUP_CM004527.1_16643660_16643758_5_10_8_13_31_14_26_28_28.png	Yes	1600971536353	1600971539382	sparrow_DUP	CM004527.1
curator1	https://s3.amazonaws.com/sparrow-dup-plotcritic-bucket/sparrow_DUP/DUP_CM004529.1_13861064_13861651_10_2_26_27_27_23_11_16_11.png	Yes	1600974120644	1600974136369	sparrow_DUP	CM004529.1
curator1	https://s3.amazonaws.com/sparrow-dup-plotcritic-bucket/sparrow_DUP/DUP_CM004525.1_33972941_33973206_22_17_21_6_11_20_26_3_23.png	Yes	1600969467060	1600969485019	sparrow_DUP	CM004525.1
curator1	https://s3.amazonaws.com/sparrow-dup-plotcritic-bucket/sparrow_DUP/DUP_CM004532.1_58616874_58617397_1_12_14_20_16_16_15_22_27.png	Yes	1600968142199	1600968158797	sparrow_DUP	CM004532.1
curator1	https://s3.amazonaws.com/sparrow-dup-plotcritic-bucket/sparrow_DUP/DUP_CM004525.1_12046249_12046428_10_20_4_9_12_7_17_28_14.png	Yes	1600972911282	1600972922374	sparrow_DUP	CM004525.1
curator1	https://s3.amazonaws.com/sparrow-dup-plotcritic-bucket/sparrow_DUP/DUP_CM004549.1_1506463_1506606_14_14_3_19_19_5_25_21_25.png	Yes	1600972976446	1600972978500	sparrow_DUP	CM004549.1
curator1	https://s3.amazonaws.com/sparrow-dup-plotcritic-bucket/sparrow_DUP/DUP_CM004529.1_109963045_109963148_19_9_1_21_20_25_12_7_32.png	Yes	1600968036559	1600968041169	sparrow_DUP	CM004529.1
curator1	https://s3.amazonaws.com/sparrow-dup-plotcritic-bucket/sparrow_DUP/DUP_CM004527.1_39597271_39629417_0_2_26_30_22_22_13_13_13.png	Yes	1600965300545	1600965326674	sparrow_DUP	CM004527.1
curator1	https://s3.amazonaws.com/sparrow-dup-plotcritic-bucket/sparrow_DUP/DUP_CM004530.1_2015518_2015852_6_5_17_22_26_9_0_4_1.png	Yes	1600971704626	1600971711803	sparrow_DUP	CM004530.1
curator1	https://s3.amazonaws.com/sparrow-dup-plotcritic-bucket/sparrow_DUP/DUP_CM004525.1_38337472_38337583_13_13_23_21_2_16_27_20_20.png	Yes	1600971786721	1600971789562	sparrow_DUP	CM004525.1
curator1	https://s3.amazonaws.com/sparrow-dup-plotcritic-bucket/sparrow_DUP/DUP_CM004542.1_5432216_5433149_19_7_27_21_6_12_22_3_31.png	Yes	1600968484311	1600968523197	sparrow_DUP	CM004542.1
curator1	https://s3.amazonaws.com/sparrow-dup-plotcritic-bucket/sparrow_DUP/DUP_CM004531.1_66266430_66267321_19_5_14_27_7_30_11_25_0.png	Yes	1600971412699	1600971422395	sparrow_DUP	CM004531.1
curator1	https://s3.amazonaws.com/sparrow-dup-plotcritic-bucket/sparrow_DUP/DUP_CM004525.1_39959107_39959216_12_14_7_2_16_19_23_23_30.png	Yes	1600971357592	1600971359710	sparrow_DUP	CM004525.1
curator1	https://s3.amazonaws.com/sparrow-dup-plotcritic-bucket/sparrow_DUP/DUP_CM004539.1_2182186_2184697_0_32_26_29_11_21_16_16_30.png	Yes	1600965873813	1600965911404	sparrow_DUP	CM004539.1
curator1	https://s3.amazonaws.com/sparrow-dup-plotcritic-bucket/sparrow_DUP/DUP_CM004531.1_48055018_48055157_28_26_12_3_31_8_24_2_32.png	Yes	1600974008817	1600974011306	sparrow_DUP	CM004531.1
curator1	https://s3.amazonaws.com/sparrow-dup-plotcritic-bucket/sparrow_DUP/DUP_CM004529.1_71295254_71296321_9_9_0_31_28_5_13_20_13.png	Yes	1600973472561	1600973478732	sparrow_DUP	CM004529.1
curator1	https://s3.amazonaws.com/sparrow-dup-plotcritic-bucket/sparrow_DUP/DUP_CM004545.1_9827038_9828631_28_9_8_18_25_10_29_29_0.png	Yes	1600969621838	1600969641145	sparrow_DUP	CM004545.1
curator1	https://s3.amazonaws.com/sparrow-dup-plotcritic-bucket/sparrow_DUP/DUP_CM004528.1_40473319_40475427_2_19_29_7_5_14_31_30_30.png	Yes	1600971401464	1600971412329	sparrow_DUP	CM004528.1
curator1	https://s3.amazonaws.com/sparrow-dup-plotcritic-bucket/sparrow_DUP/DUP_CM004537.1_20063328_20063489_30_10_27_6_32_32_12_15_18.png	Yes	1600971901061	1600971903934	sparrow_DUP	CM004537.1
curator1	https://s3.amazonaws.com/sparrow-dup-plotcritic-bucket/sparrow_DUP/DUP_CM004536.1_20449531_20449950_13_1_10_6_29_24_5_32_0.png	Yes	1600966832656	1600966862101	sparrow_DUP	CM004536.1
curator1	https://s3.amazonaws.com/sparrow-dup-plotcritic-bucket/sparrow_DUP/DUP_CM004532.1_60447635_60447812_20_3_8_12_25_25_24_15_30.png	Yes	1600965595852	1600965620972	sparrow_DUP	CM004532.1
curator1	https://s3.amazonaws.com/sparrow-dup-plotcritic-bucket/sparrow_DUP/DUP_CM004534.1_34366203_34366545_25_29_25_24_26_20_28_30_14.png	Yes	1600970187253	1600970193126	sparrow_DUP	CM004534.1
curator1	https://s3.amazonaws.com/sparrow-dup-plotcritic-bucket/sparrow_DUP/DUP_CM004529.1_121608000_121609999_22_19_3_5_0_26_28_18_4.png	Yes	1600971777432	1600971786351	sparrow_DUP	CM004529.1
curator1	https://s3.amazonaws.com/sparrow-dup-plotcritic-bucket/sparrow_DUP/DUP_CM004528.1_16231267_16231720_11_9_15_25_30_12_3_3_21.png	Yes	1600967381211	1600967386730	sparrow_DUP	CM004528.1
curator1	https://s3.amazonaws.com/sparrow-dup-plotcritic-bucket/sparrow_DUP/DUP_CM004534.1_11911908_11912801_28_8_28_15_29_11_6_6_32.png	Yes	1600970166126	1600970181077	sparrow_DUP	CM004534.1
curator1	https://s3.amazonaws.com/sparrow-dup-plotcritic-bucket/sparrow_DUP/DUP_CM004527.1_40897471_40897629_15_7_7_4_26_4_9_23_30.png	Yes	1600970145017	1600970151802	sparrow_DUP	CM004527.1
curator1	https://s3.amazonaws.com/sparrow-dup-plotcritic-bucket/sparrow_DUP/DUP_CM004530.1_78300967_78301175_19_25_17_8_14_16_6_21_7.png	Yes	1600972877469	1600972879870	sparrow_DUP	CM004530.1
curator1	https://s3.amazonaws.com/sparrow-dup-plotcritic-bucket/sparrow_DUP/DUP_CM004529.1_55304920_55305173_16_0_27_21_11_11_9_22_14.png	Yes	1600967906860	1600967913689	sparrow_DUP	CM004529.1
curator1	https://s3.amazonaws.com/sparrow-dup-plotcritic-bucket/sparrow_DUP/DUP_CM004539.1_14297901_14298034_12_29_12_7_22_3_8_31_8.png	Yes	1600972973735	1600972976070	sparrow_DUP	CM004539.1
curator1	https://s3.amazonaws.com/sparrow-dup-plotcritic-bucket/sparrow_DUP/DUP_CM004525.1_5918650_5918773_5_24_11_13_12_29_26_26_1.png	Yes	1600968367671	1600968375675	sparrow_DUP	CM004525.1
curator1	https://s3.amazonaws.com/sparrow-dup-plotcritic-bucket/sparrow_DUP/DUP_CM004530.1_7342040_7342138_32_29_2_28_28_28_16_15_10.png	Yes	1600972679799	1600972683199	sparrow_DUP	CM004530.1
curator1	https://s3.amazonaws.com/sparrow-dup-plotcritic-bucket/sparrow_DUP/DUP_CM004528.1_106370348_106370471_20_32_5_9_23_30_19_19_24.png	Yes	1600974169763	1600974172924	sparrow_DUP	CM004528.1
curator1	https://s3.amazonaws.com/sparrow-dup-plotcritic-bucket/sparrow_DUP/DUP_CM004530.1_3415789_3417589_25_23_24_0_1_0_5_9_17.png	Yes	1600972566908	1600972574090	sparrow_DUP	CM004530.1
curator1	https://s3.amazonaws.com/sparrow-dup-plotcritic-bucket/sparrow_DUP/DUP_CM004550.1_5356393_5356538_17_15_17_4_11_4_19_25_25.png	Yes	1600974001962	1600974008451	sparrow_DUP	CM004550.1
curator1	https://s3.amazonaws.com/sparrow-dup-plotcritic-bucket/sparrow_DUP/DUP_CM004537.1_20477398_20477634_9_3_14_12_25_21_10_11_20.png	Yes	1600974448278	1600974452566	sparrow_DUP	CM004537.1
curator1	https://s3.amazonaws.com/sparrow-dup-plotcritic-bucket/sparrow_DUP/DUP_CM004531.1_70328704_70328981_1_2_23_29_31_30_10_20_20.png	Yes	1600967958278	1600967969622	sparrow_DUP	CM004531.1
curator1	https://s3.amazonaws.com/sparrow-dup-plotcritic-bucket/sparrow_DUP/DUP_CM004531.1_34586806_34587053_0_9_5_24_24_32_11_27_4.png	Yes	1600974013839	1600974018575	sparrow_DUP	CM004531.1
curator1	https://s3.amazonaws.com/sparrow-dup-plotcritic-bucket/sparrow_DUP/DUP_CM004541.1_15109490_15109590_11_10_24_1_2_2_31_31_14.png	Yes	1600969098277	1600969100797	sparrow_DUP	CM004541.1
curator1	https://s3.amazonaws.com/sparrow-dup-plotcritic-bucket/sparrow_DUP/DUP_CM004531.1_70040023_70040689_4_10_4_1_14_14_26_8_16.png	Yes	1600966452449	1600966476095	sparrow_DUP	CM004531.1
curator1	https://s3.amazonaws.com/sparrow-dup-plotcritic-bucket/sparrow_DUP/DUP_CM004531.1_47838317_47840338_12_25_15_26_30_16_27_5_19.png	Yes	1600971605223	1600971608518	sparrow_DUP	CM004531.1
curator1	https://s3.amazonaws.com/sparrow-dup-plotcritic-bucket/sparrow_DUP/DUP_CM004533.1_6964194_6964863_20_7_22_5_3_28_27_27_15.png	Yes	1600970298759	1600970316471	sparrow_DUP	CM004533.1
curator1	https://s3.amazonaws.com/sparrow-dup-plotcritic-bucket/sparrow_DUP/DUP_CM004531.1_61942391_61942780_15_13_29_0_19_19_2_21_2.png	Yes	1600971034438	1600971037730	sparrow_DUP	CM004531.1
curator1	https://s3.amazonaws.com/sparrow-dup-plotcritic-bucket/sparrow_DUP/DUP_CM004541.1_2567352_2567468_16_23_26_8_1_22_28_20_4.png	Yes	1600972393745	1600972406899	sparrow_DUP	CM004541.1
curator1	https://s3.amazonaws.com/sparrow-dup-plotcritic-bucket/sparrow_DUP/DUP_CM004530.1_42406371_42406493_12_17_6_23_13_23_1_10_25.png	Yes	1600971043603	1600971046242	sparrow_DUP	CM004530.1
curator1	https://s3.amazonaws.com/sparrow-dup-plotcritic-bucket/sparrow_DUP/DUP_CM004530.1_22936534_22937859_12_32_2_8_21_16_4_4_7.png	Yes	1600974148036	1600974152883	sparrow_DUP	CM004530.1
curator1	https://s3.amazonaws.com/sparrow-dup-plotcritic-bucket/sparrow_DUP/DUP_CM004535.1_27242679_27243096_7_5_2_12_4_28_18_18_21.png	Yes	1600966186620	1600966202909	sparrow_DUP	CM004535.1
curator1	https://s3.amazonaws.com/sparrow-dup-plotcritic-bucket/sparrow_DUP/DUP_CM004548.1_2140649_2141162_8_30_22_9_28_28_25_32_25.png	Yes	1600972247811	1600972250870	sparrow_DUP	CM004548.1
curator1	https://s3.amazonaws.com/sparrow-dup-plotcritic-bucket/sparrow_DUP/DUP_CM004533.1_20773375_20773482_31_28_13_22_10_27_6_16_3.png	Yes	1600969070665	1600969073697	sparrow_DUP	CM004533.1
curator1	https://s3.amazonaws.com/sparrow-dup-plotcritic-bucket/sparrow_DUP/DUP_CM004530.1_50970680_50970789_22_25_18_17_9_9_26_28_16.png	Yes	1600971046604	1600971049413	sparrow_DUP	CM004530.1
curator1	https://s3.amazonaws.com/sparrow-dup-plotcritic-bucket/sparrow_DUP/DUP_CM004525.1_65530121_65530518_0_32_9_27_12_4_7_25_25.png	Yes	1600968840918	1600968846259	sparrow_DUP	CM004525.1
curator1	https://s3.amazonaws.com/sparrow-dup-plotcritic-bucket/sparrow_DUP/DUP_CM004528.1_68018750_68018972_11_24_18_4_19_16_9_10_21.png	Yes	1600969092635	1600969094975	sparrow_DUP	CM004528.1
curator1	https://s3.amazonaws.com/sparrow-dup-plotcritic-bucket/sparrow_DUP/DUP_CM004536.1_17030812_17030921_17_21_25_16_8_8_12_26_27.png	Yes	1600966868149	1600966873402	sparrow_DUP	CM004536.1
curator1	https://s3.amazonaws.com/sparrow-dup-plotcritic-bucket/sparrow_DUP/DUP_CM004528.1_94485104_94486339_12_12_32_4_28_4_24_24_10.png	Yes	1600967652119	1600967664811	sparrow_DUP	CM004528.1
curator1	https://s3.amazonaws.com/sparrow-dup-plotcritic-bucket/sparrow_DUP/DUP_CM004531.1_60643329_60645763_8_13_9_24_24_6_1_1_5.png	Yes	1600968620081	1600968634851	sparrow_DUP	CM004531.1
curator1	https://s3.amazonaws.com/sparrow-dup-plotcritic-bucket/sparrow_DUP/DUP_CM004531.1_19176182_19177739_20_26_18_22_15_16_8_7_6.png	Yes	1600968899854	1600968912450	sparrow_DUP	CM004531.1
curator1	https://s3.amazonaws.com/sparrow-dup-plotcritic-bucket/sparrow_DUP/DUP_CM004533.1_12847626_12847957_18_3_3_14_14_2_26_26_30.png	Yes	1600972430868	1600972439542	sparrow_DUP	CM004533.1
curator1	https://s3.amazonaws.com/sparrow-dup-plotcritic-bucket/sparrow_DUP/DUP_CM004533.1_33169058_33169155_10_14_7_20_15_24_1_30_32.png	Yes	1600969010493	1600969026260	sparrow_DUP	CM004533.1
curator1	https://s3.amazonaws.com/sparrow-dup-plotcritic-bucket/sparrow_DUP/DUP_CM004528.1_69857420_69857546_2_8_8_30_30_30_15_18_18.png	Yes	1600971624950	1600971627568	sparrow_DUP	CM004528.1
curator1	https://s3.amazonaws.com/sparrow-dup-plotcritic-bucket/sparrow_DUP/DUP_CM004528.1_96472252_96472366_21_19_22_16_16_17_28_12_12.png	Yes	1600971498683	1600971500958	sparrow_DUP	CM004528.1
curator1	https://s3.amazonaws.com/sparrow-dup-plotcritic-bucket/sparrow_DUP/DUP_CM004548.1_2106615_2107338_19_15_15_16_9_14_31_12_13.png	Yes	1600970328168	1600970346769	sparrow_DUP	CM004548.1
curator1	https://s3.amazonaws.com/sparrow-dup-plotcritic-bucket/sparrow_DUP/DUP_CM004529.1_131000282_131000735_23_21_28_14_4_27_11_13_2.png	Yes	1600974394200	1600974398649	sparrow_DUP	CM004529.1
curator1	https://s3.amazonaws.com/sparrow-dup-plotcritic-bucket/sparrow_DUP/DUP_CM004532.1_57764370_57765742_13_3_14_2_8_23_22_11_6.png	Yes	1600965727307	1600965746512	sparrow_DUP	CM004532.1
curator1	https://s3.amazonaws.com/sparrow-dup-plotcritic-bucket/sparrow_DUP/DUP_CM004553.1_3155223_3155632_4_14_14_7_6_28_29_23_23.png	Yes	1600966219817	1600966233044	sparrow_DUP	CM004553.1
curator1	https://s3.amazonaws.com/sparrow-dup-plotcritic-bucket/sparrow_DUP/DUP_CM004527.1_20652880_20654945_10_8_7_28_28_0_20_20_1.png	Yes	1600973201896	1600973209715	sparrow_DUP	CM004527.1
curator1	https://s3.amazonaws.com/sparrow-dup-plotcritic-bucket/sparrow_DUP/DUP_CM004528.1_111490186_111490575_10_4_5_20_0_9_8_26_29.png	Yes	1600972610909	1600972614939	sparrow_DUP	CM004528.1
curator1	https://s3.amazonaws.com/sparrow-dup-plotcritic-bucket/sparrow_DUP/DUP_CM004528.1_104074761_104074982_12_16_14_15_26_23_32_24_20.png	Yes	1600969701469	1600969719559	sparrow_DUP	CM004528.1
curator1	https://s3.amazonaws.com/sparrow-dup-plotcritic-bucket/sparrow_DUP/DUP_CM004528.1_67339236_67339380_11_6_26_24_24_1_25_25_5.png	Yes	1600969168473	1600969188793	sparrow_DUP	CM004528.1
curator1	https://s3.amazonaws.com/sparrow-dup-plotcritic-bucket/sparrow_DUP/DUP_CM004525.1_55622343_55623114_17_1_22_11_8_14_25_26_25.png	Yes	1600971904307	1600971920708	sparrow_DUP	CM004525.1
curator1	https://s3.amazonaws.com/sparrow-dup-plotcritic-bucket/sparrow_DUP/DUP_CM004529.1_121310579_121312427_27_27_14_26_20_29_15_11_11.png	Yes	1600972198652	1600972201369	sparrow_DUP	CM004529.1
curator1	https://s3.amazonaws.com/sparrow-dup-plotcritic-bucket/sparrow_DUP/DUP_CM004530.1_50632689_50632809_16_22_7_19_6_14_30_5_30.png	Yes	1600972178044	1600972181470	sparrow_DUP	CM004530.1
curator1	https://s3.amazonaws.com/sparrow-dup-plotcritic-bucket/sparrow_DUP/DUP_CM004539.1_3921635_3921767_7_3_17_23_25_13_30_30_30.png	Yes	1600967282757	1600967287815	sparrow_DUP	CM004539.1
curator1	https://s3.amazonaws.com/sparrow-dup-plotcritic-bucket/sparrow_DUP/DUP_CM004539.1_17945754_17947245_10_8_15_6_32_11_26_21_26.png	Yes	1600969559333	1600969567979	sparrow_DUP	CM004539.1
curator1	https://s3.amazonaws.com/sparrow-dup-plotcritic-bucket/sparrow_DUP/DUP_CM004528.1_49513775_49514080_19_9_3_18_15_2_26_26_11.png	Yes	1600970347136	1600970394530	sparrow_DUP	CM004528.1
curator1	https://s3.amazonaws.com/sparrow-dup-plotcritic-bucket/sparrow_DUP/DUP_CM004529.1_108287015_108287498_5_13_12_11_26_26_8_16_8.png	Yes	1600968703476	1600968708426	sparrow_DUP	CM004529.1
curator1	https://s3.amazonaws.com/sparrow-dup-plotcritic-bucket/sparrow_DUP/DUP_CM004546.1_2359013_2359367_9_19_4_21_23_21_6_24_6.png	Yes	1600971639622	1600971648098	sparrow_DUP	CM004546.1
curator1	https://s3.amazonaws.com/sparrow-dup-plotcritic-bucket/sparrow_DUP/DUP_CM004533.1_26341712_26343167_32_15_15_30_12_30_18_28_5.png	Yes	1600972867672	1600972872726	sparrow_DUP	CM004533.1
curator1	https://s3.amazonaws.com/sparrow-dup-plotcritic-bucket/sparrow_DUP/DUP_CM004550.1_2479262_2479837_4_24_4_29_16_11_6_31_21.png	Yes	1600971586002	1600971600066	sparrow_DUP	CM004550.1
curator1	https://s3.amazonaws.com/sparrow-dup-plotcritic-bucket/sparrow_DUP/DUP_CM004537.1_3670585_3670703_9_3_20_19_25_25_15_29_8.png	Yes	1600974038769	1600974044878	sparrow_DUP	CM004537.1
curator1	https://s3.amazonaws.com/sparrow-dup-plotcritic-bucket/sparrow_DUP/DUP_CM004531.1_65469344_65469693_2_2_4_28_28_28_29_21_21.png	Yes	1600972224123	1600972230981	sparrow_DUP	CM004531.1
curator1	https://s3.amazonaws.com/sparrow-dup-plotcritic-bucket/sparrow_DUP/DUP_CM004549.1_5181175_5181520_27_1_15_11_10_11_12_3_0.png	Yes	1600969152523	1600969159047	sparrow_DUP	CM004549.1
curator1	https://s3.amazonaws.com/sparrow-dup-plotcritic-bucket/sparrow_DUP/DUP_CM004534.1_3880845_3880981_25_13_17_2_28_2_20_23_23.png	Yes	1600965439037	1600965452837	sparrow_DUP	CM004534.1
curator1	https://s3.amazonaws.com/sparrow-dup-plotcritic-bucket/sparrow_DUP/DUP_CM004534.1_5431158_5431330_6_27_6_1_7_32_31_2_31.png	Yes	1600970933100	1600970936596	sparrow_DUP	CM004534.1
curator1	https://s3.amazonaws.com/sparrow-dup-plotcritic-bucket/sparrow_DUP/DUP_CM004527.1_41744408_41744857_30_15_30_22_28_17_5_5_27.png	Yes	1600972709526	1600972711622	sparrow_DUP	CM004527.1
curator1	https://s3.amazonaws.com/sparrow-dup-plotcritic-bucket/sparrow_DUP/DUP_CM004530.1_92461188_92461650_25_22_6_1_20_28_12_23_17.png	Yes	1600969986397	1600969999693	sparrow_DUP	CM004530.1
curator1	https://s3.amazonaws.com/sparrow-dup-plotcritic-bucket/sparrow_DUP/DUP_CM004531.1_57186765_57186875_28_17_4_9_19_9_22_15_15.png	Yes	1600968615439	1600968619720	sparrow_DUP	CM004531.1
curator1	https://s3.amazonaws.com/sparrow-dup-plotcritic-bucket/sparrow_DUP/DUP_CM004541.1_2214527_2217557_27_25_22_4_28_4_19_2_2.png	Yes	1600974372243	1600974374747	sparrow_DUP	CM004541.1
curator1	https://s3.amazonaws.com/sparrow-dup-plotcritic-bucket/sparrow_DUP/DUP_CM004528.1_30166273_30166479_21_21_18_0_5_24_29_29_25.png	Yes	1600972054893	1600972057305	sparrow_DUP	CM004528.1
curator1	https://s3.amazonaws.com/sparrow-dup-plotcritic-bucket/sparrow_DUP/DUP_CM004533.1_22700762_22701062_2_22_9_6_32_1_4_24_23.png	Yes	1600973490191	1600973494451	sparrow_DUP	CM004533.1
curator1	https://s3.amazonaws.com/sparrow-dup-plotcritic-bucket/sparrow_DUP/DUP_CM004529.1_101777320_101778303_7_24_17_12_12_12_13_29_29.png	Yes	1600973923336	1600973925934	sparrow_DUP	CM004529.1
curator1	https://s3.amazonaws.com/sparrow-dup-plotcritic-bucket/sparrow_DUP/DUP_CM004540.1_13624544_13625529_12_16_18_20_10_19_9_7_15.png	Yes	1600967345054	1600967365189	sparrow_DUP	CM004540.1
curator1	https://s3.amazonaws.com/sparrow-dup-plotcritic-bucket/sparrow_DUP/DUP_CM004536.1_21534785_21534909_2_28_0_32_32_19_25_25_25.png	Yes	1600969498248	1600969515644	sparrow_DUP	CM004536.1
curator1	https://s3.amazonaws.com/sparrow-dup-plotcritic-bucket/sparrow_DUP/DUP_CM004532.1_2292439_2292832_19_4_15_22_3_14_1_1_1.png	Yes	1600969588176	1600969601173	sparrow_DUP	CM004532.1
curator1	https://s3.amazonaws.com/sparrow-dup-plotcritic-bucket/sparrow_DUP/DUP_CM004529.1_108192484_108192800_7_24_26_3_9_3_21_25_12.png	Yes	1600972586192	1600972588553	sparrow_DUP	CM004529.1
curator1	https://s3.amazonaws.com/sparrow-dup-plotcritic-bucket/sparrow_DUP/DUP_CM004549.1_6877713_6877817_26_0_32_22_17_15_19_19_1.png	Yes	1600966151268	1600966169179	sparrow_DUP	CM004549.1
curator1	https://s3.amazonaws.com/sparrow-dup-plotcritic-bucket/sparrow_DUP/DUP_CM004536.1_21500946_21505095_16_18_26_25_17_10_0_31_31.png	Yes	1600972309332	1600972312499	sparrow_DUP	CM004536.1
curator1	https://s3.amazonaws.com/sparrow-dup-plotcritic-bucket/sparrow_DUP/DUP_CM004528.1_75661691_75661967_19_11_26_12_29_12_10_24_30.png	Yes	1600972409729	1600972430501	sparrow_DUP	CM004528.1
curator1	https://s3.amazonaws.com/sparrow-dup-plotcritic-bucket/sparrow_DUP/DUP_CM004525.1_402034_402320_32_2_18_23_13_13_11_29_11.png	Yes	1600974526831	1600974535267	sparrow_DUP	CM004525.1
curator1	https://s3.amazonaws.com/sparrow-dup-plotcritic-bucket/sparrow_DUP/DUP_CM004550.1_2363782_2366390_7_32_32_16_9_31_1_23_1.png	Yes	1600973479108	1600973482720	sparrow_DUP	CM004550.1
curator1	https://s3.amazonaws.com/sparrow-dup-plotcritic-bucket/sparrow_DUP/DUP_CM004529.1_12818434_14940307_18_24_32_30_13_13_0_1_29.png	Yes	1600967270537	1600967273154	sparrow_DUP	CM004529.1
curator1	https://s3.amazonaws.com/sparrow-dup-plotcritic-bucket/sparrow_DUP/DUP_CM004527.1_53372695_53372814_2_19_17_7_24_6_12_0_12.png	Yes	1600969601551	1600969603984	sparrow_DUP	CM004527.1
curator1	https://s3.amazonaws.com/sparrow-dup-plotcritic-bucket/sparrow_DUP/DUP_CM004530.1_48448900_48450930_12_31_22_7_4_4_14_1_13.png	Yes	1600965984146	1600966008361	sparrow_DUP	CM004530.1
curator1	https://s3.amazonaws.com/sparrow-dup-plotcritic-bucket/sparrow_DUP/DUP_CM004546.1_1840495_1840602_7_28_21_3_3_8_32_32_32.png	Yes	1600965496770	1600965509173	sparrow_DUP	CM004546.1
curator1	https://s3.amazonaws.com/sparrow-dup-plotcritic-bucket/sparrow_DUP/DUP_CM004525.1_64586083_64586250_9_5_3_24_12_12_23_4_4.png	Yes	1600970276313	1600970284095	sparrow_DUP	CM004525.1
curator1	https://s3.amazonaws.com/sparrow-dup-plotcritic-bucket/sparrow_DUP/DUP_CM004529.1_146633541_146633948_4_29_4_13_20_12_5_14_32.png	Yes	1600970943821	1600970952489	sparrow_DUP	CM004529.1
curator1	https://s3.amazonaws.com/sparrow-dup-plotcritic-bucket/sparrow_DUP/DUP_CM004528.1_83940688_83940806_13_26_13_29_11_10_32_21_32.png	Yes	1600968292941	1600968297480	sparrow_DUP	CM004528.1
curator1	https://s3.amazonaws.com/sparrow-dup-plotcritic-bucket/sparrow_DUP/DUP_CM004531.1_60412888_60413311_5_6_29_25_25_28_11_9_21.png	Yes	1600974429686	1600974441494	sparrow_DUP	CM004531.1
curator1	https://s3.amazonaws.com/sparrow-dup-plotcritic-bucket/sparrow_DUP/DUP_CM004528.1_105652600_105652769_11_26_4_15_10_10_6_21_3.png	Yes	1600972357772	1600972360615	sparrow_DUP	CM004528.1
curator1	https://s3.amazonaws.com/sparrow-dup-plotcritic-bucket/sparrow_DUP/DUP_CM004547.1_3297750_3298050_27_27_0_2_1_11_31_7_18.png	Yes	1600968359660	1600968363519	sparrow_DUP	CM004547.1
curator1	https://s3.amazonaws.com/sparrow-dup-plotcritic-bucket/sparrow_DUP/DUP_CM004532.1_33656318_33658556_17_21_9_31_22_15_16_25_13.png	Yes	1600972673852	1600972676420	sparrow_DUP	CM004532.1
curator1	https://s3.amazonaws.com/sparrow-dup-plotcritic-bucket/sparrow_DUP/DUP_CM004528.1_109878660_109879020_32_19_19_17_9_9_20_11_6.png	Yes	1600968975637	1600968979953	sparrow_DUP	CM004528.1
